customer_id,txn_at,amount,direction
CUST_501,2026-10-04 12:00:00,300.00,credit
CUST_501,2026-10-05 18:40:00,12.50,debit
CUST_502,2026-10-02 09:00:00,40.00,debit
CUST_502,2026-10-05 23:10:00,25.00,debit
CUST_503,2026-04-10 09:00:00,1500.00,credit
CUST_503,2026-07-10 09:00:00,2175.00,credit
CUST_503,2026-07-25 09:00:00,2175.00,credit
CUST_503,2026-07-28 16:20:00,60.00,debit
CUST_504,2026-07-25 09:00:00,1550.00,credit
CUST_504,2026-08-25 09:00:00,1550.00,credit
CUST_504,2026-09-25 09:00:00,1550.00,credit
CUST_504,2026-10-05 12:00:00,35.00,debit
